<?xml version="1.0" encoding="UTF-8"?>
<project-private xmlns="http://www.netbeans.org/ns/project-private/1">
    <editor-bookmarks xmlns="http://www.netbeans.org/ns/editor-bookmarks/2" lastBookmarkId="0"/>
    <open-files xmlns="http://www.netbeans.org/ns/projectui-open-files/2">
        <group>
            <file>file:/C:/Users/chifr/Documents/Proyecto_4TEEN(1)/src/vista/Form_MenuPrincipal.java</file>
            <file>file:/C:/Users/chifr/Documents/Proyecto_4TEEN(1)/src/modelo/Producto.java</file>
            <file>file:/C:/Users/chifr/Documents/Proyecto_4TEEN(1)/src/controlador/Controlador.java</file>
            <file>file:/C:/Users/chifr/Documents/Proyecto_4TEEN(1)/src/vista/Form_Recibo.java</file>
            <file>file:/C:/Users/chifr/Documents/Proyecto_4TEEN(1)/src/vista/Form_MenuVentas.java</file>
            <file>file:/C:/Users/chifr/Documents/Proyecto_4TEEN(1)/src/vista/Form_MenuProductos.java</file>
            <file>file:/C:/Users/chifr/Documents/Proyecto_4TEEN(1)/src/vista/Form_GenerarVentaBoleta.java</file>
            <file>file:/C:/Users/chifr/Documents/Proyecto_4TEEN(1)/src/vista/Form_GenerarVentaFactura.java</file>
            <file>file:/C:/Users/chifr/Documents/Proyecto_4TEEN(1)/src/vista/Form_ListarProductos.java</file>
            <file>file:/C:/Users/chifr/Documents/Proyecto_4TEEN(1)/src/vista/Form_EliminarProducto.java</file>
            <file>file:/C:/Users/chifr/Documents/Proyecto_4TEEN(1)/src/modelo/Cliente.java</file>
        </group>
    </open-files>
</project-private>
